<?xml version="1.0" encoding="UTF-8"?>
<project-private xmlns="http://www.netbeans.org/ns/project-private/1">
    <editor-bookmarks xmlns="http://www.netbeans.org/ns/editor-bookmarks/2" lastBookmarkId="0"/>
    <open-files xmlns="http://www.netbeans.org/ns/projectui-open-files/2">
        <group>
            <file>file:/C:/Users/Nicolas/Documents/NetBeansProjects/interfaz_beta/src/ventanas/Interfaz.java</file>
            <file>file:/C:/Users/Nicolas/Documents/NetBeansProjects/interfaz_beta/src/modelos/Render.java</file>
            <file>file:/C:/Users/Nicolas/Documents/NetBeansProjects/interfaz_beta/src/modelos/TablaSeleccion.java</file>
            <file>file:/C:/Users/Nicolas/Documents/NetBeansProjects/interfaz_beta/src/ventanas/Ventana_vista_predios.java</file>
            <file>file:/C:/Users/Nicolas/Documents/NetBeansProjects/interfaz_beta/src/ventanas/Ventana_vista_planificacion.java</file>
        </group>
    </open-files>
</project-private>
