<?xml version="1.0" encoding="UTF-8"?>
<project-private xmlns="http://www.netbeans.org/ns/project-private/1">
    <editor-bookmarks xmlns="http://www.netbeans.org/ns/editor-bookmarks/2" lastBookmarkId="2">
        <file>
            <url>src/modelos/PredioModel.java</url>
            <bookmark id="1">
                <name/>
                <line>116</line>
                <key/>
            </bookmark>
        </file>
        <file>
            <url>src/modelos/PredioSeleccionado.java</url>
            <bookmark id="2">
                <name/>
                <line>0</line>
                <key/>
            </bookmark>
        </file>
    </editor-bookmarks>
    <open-files xmlns="http://www.netbeans.org/ns/projectui-open-files/2">
        <group>
            <file>file:/C:/Users/Nicolas/Documents/NetBeansProjects/interfaz_beta/src/ventanas/Interfaz.java</file>
            <file>file:/C:/Users/Nicolas/Documents/NetBeansProjects/interfaz_beta/src/modelos/PredioModel.java</file>
            <file>file:/C:/Users/Nicolas/Documents/NetBeansProjects/interfaz_beta/src/ventanas/ventana_salida_grasp.java</file>
            <file>file:/C:/Users/Nicolas/Documents/NetBeansProjects/interfaz_beta/src/ventanas/ventana_ejecucion_grasp.java</file>
            <file>file:/C:/Users/Nicolas/Documents/NetBeansProjects/interfaz_beta/src/ventanas/Ventana_agregar_cargas.java</file>
        </group>
    </open-files>
</project-private>
